date,T,U,Ff,P,day_of_week,is_pandepic,is_weekend,CountryId,unitId,NumberOfOrders,Sales
2021-06-02,21.4,41,2,760.9,2,1,0,643,691,350,207003.0
2021-06-01,5.1,85,4,763.3,1,1,0,643,691,513,387486.0
2021-05-31,9.2,43,3,763.9,0,1,0,643,691,365,217841.0
2021-05-30,11.1,46,4,762.7,6,1,0,643,691,432,287940.0
2021-05-29,13.1,40,2,761.2,5,1,0,643,691,489,357550.0
2021-05-28,15.2,33,3,753.7,4,1,0,643,691,512,357030.0
2021-05-27,18.4,23,3,755.5,3,1,0,643,691,400,237284.0
2021-05-26,12.8,55,2,753.4,2,1,0,643,691,371,250731.0
2021-05-25,9.1,85,4,754.9,1,1,0,643,691,375,242054.0
2021-05-24,16.4,25,2,752.9,0,1,0,643,691,332,188396.0
2021-05-23,7.4,62,4,763.7,6,1,0,643,691,448,312188.0
2021-05-22,13.3,20,4,760.6,5,1,0,643,691,571,434896.0
2021-05-21,7.1,63,3,758.2,4,1,0,643,691,558,404771.0
2021-05-20,10.4,61,2,750.0,3,1,0,643,691,380,226206.0
2021-05-19,12.8,55,1,752.1,2,1,0,643,691,336,186217.0
2021-05-18,12.0,50,1,755.2,1,1,0,643,691,320,188636.0
2021-05-17,12.0,67,1,756.7,0,1,0,643,691,317,174616.0
2021-05-16,14.4,59,2,760.0,6,1,0,643,691,395,264005.0
2021-05-15,14.3,36,2,762.7,5,1,0,643,691,461,325668.0
2021-05-14,14.5,21,1,762.1,4,1,0,643,691,389,254973.0
2021-05-13,10.0,23,5,761.8,3,1,0,643,691,310,175051.0
2021-05-12,16.2,26,2,757.1,2,1,0,643,691,330,173283.0
2021-05-11,14.2,28,4,761.6,1,1,0,643,691,315,173593.0
2021-05-10,9.6,49,4,759.8,0,1,0,643,691,364,234851.0
2021-05-09,15.4,34,2,755.6,6,1,0,643,691,426,296655.0
2021-05-08,11.8,52,2,759.1,5,1,0,643,691,404,284913.0
2021-05-07,8.7,44,3,760.7,4,1,0,643,691,425,291847.0
2021-05-06,10.4,24,2,759.1,3,1,0,643,691,382,238569.0
2021-05-05,6.5,32,5,763.0,2,1,0,643,691,334,216382.0
2021-05-04,14.7,28,2,759.3,1,1,0,643,691,341,202694.0
2021-05-03,7.9,41,3,767.9,0,1,0,643,691,345,229004.0
2021-05-02,9.4,57,4,759.5,6,1,0,643,691,359,289478.0
2021-05-01,6.5,77,2,759.4,5,1,0,643,691,395,297879.0
2021-04-30,9.8,41,4,759.0,4,1,0,643,691,416,279052.0
2021-04-29,0.8,84,2,759.1,3,1,0,643,691,129,83833.0
2021-04-22,2.3,38,2,773.5,3,1,0,643,691,317,194308.0
2021-04-21,0.3,53,1,767.8,2,1,0,643,691,312,190025.0
2021-04-20,4.8,28,2,759.6,1,1,0,643,691,306,192183.0
2021-04-19,8.9,24,6,756.0,0,1,0,643,691,241,148705.0
2021-04-18,3.8,30,2,766.4,6,1,0,643,691,397,294118.0
2021-04-17,19.5,13,2,751.3,5,1,0,643,691,487,381735.0
2021-04-16,12.3,14,2,763.5,4,1,0,643,691,372,274872.0
2021-04-15,5.8,46,6,761.3,3,1,0,643,691,313,187597.0
2021-04-14,4.9,45,3,764.6,2,1,0,643,691,257,164697.0
2021-04-13,8.7,35,1,761.4,1,1,0,643,691,280,164271.0
2021-04-12,8.5,14,2,769.6,0,1,0,643,691,259,153508.0
2021-04-11,2.0,19,4,778.2,6,1,0,643,691,384,282645.0
2021-04-10,5.3,42,3,770.8,5,1,0,643,691,480,330722.0
2021-04-09,9.0,34,2,768.4,4,1,0,643,691,405,265780.0
2021-04-08,11.7,44,4,765.7,3,1,0,643,691,283,169287.0
2021-04-07,15.1,22,2,766.3,2,1,0,643,691,290,181481.0
2021-04-06,11.8,30,3,768.7,1,1,0,643,691,248,152177.0
2021-04-05,7.4,51,2,769.9,0,1,0,643,691,246,131259.0
2021-04-04,8.0,43,2,767.2,6,1,0,643,691,348,247595.0
2021-04-03,10.7,16,2,767.3,5,1,0,643,691,427,316278.0
2021-04-02,6.0,22,2,773.4,4,1,0,643,691,400,256865.0
2021-04-01,4.8,28,3,769.9,3,1,0,643,691,267,176777.0
2021-03-31,5.0,28,1,768.5,2,1,0,643,691,257,145405.0
2021-03-30,7.1,51,4,760.6,1,1,0,643,691,287,170659.0
2021-03-29,5.5,35,2,752.9,0,1,0,643,691,271,159411.0
2021-03-28,6.1,30,4,757.1,6,1,0,643,691,407,295813.0
2021-03-27,2.4,41,4,762.7,5,1,0,643,691,445,319527.0
2021-03-26,5.8,41,3,752.5,4,1,0,643,691,395,279939.0
2021-03-25,1.6,73,5,761.0,3,1,0,643,691,340,237679.0
2021-03-24,6.3,39,2,762.2,2,1,0,643,691,307,210737.0
2021-03-23,8.6,36,1,762.4,1,1,0,643,691,298,194008.0
2021-03-22,10.1,29,1,758.7,0,1,0,643,691,288,185605.0
2021-03-21,8.8,19,2,757.8,6,1,0,643,691,384,288116.0
2021-03-20,2.8,24,1,770.9,5,1,0,643,691,453,348447.0
2021-03-19,-1.1,32,1,776.8,4,1,0,643,691,404,265593.0
2021-03-18,-2.2,43,2,775.0,3,1,0,643,691,265,173477.0
2021-03-17,-2.6,33,2,774.7,2,1,0,643,691,273,163672.0
2021-03-16,-1.6,32,2,772.2,1,1,0,643,691,311,203362.0
2021-03-15,-3.1,33,3,772.8,0,1,0,643,691,259,154234.0
2021-03-14,-7.7,35,5,768.8,6,1,0,643,691,336,262468.0
2021-03-13,4.4,47,1,753.9,5,1,0,643,691,403,298243.0
2021-03-12,4.1,43,3,764.0,4,1,0,643,691,393,256393.0
2021-03-11,6.0,31,4,762.2,3,1,0,643,691,263,162566.0
2021-03-10,4.4,36,4,767.7,2,1,0,643,691,276,175017.0
2021-03-09,2.7,37,4,760.9,1,1,0,643,691,257,160071.0
2021-03-08,0.1,44,2,769.5,0,1,0,643,691,589,458670.0
2021-03-07,-2.1,39,3,762.1,6,1,0,643,691,401,303302.0
2021-03-06,-3.8,27,1,769.5,5,1,0,643,691,485,383099.0
2021-03-05,-10.2,32,4,771.9,4,1,0,643,691,454,400701.0
2021-03-04,-11.0,31,1,775.5,3,1,0,643,691,282,180548.0
2021-03-03,-8.4,64,3,762.2,2,1,0,643,691,270,181586.0
2021-03-02,-4.2,32,1,755.9,1,1,0,643,691,230,132603.0
2021-03-01,-7.6,34,2,767.5,0,1,0,643,691,233,140461.0
2021-02-28,-14.4,54,3,778.1,6,1,0,643,691,336,252611.0
2021-02-27,-13.4,54,2,776.2,5,1,0,643,691,423,335166.0
2021-02-26,-11.0,73,4,764.8,4,1,0,643,691,321,238787.0
2021-02-25,-9.5,51,5,762.7,3,1,0,643,691,294,171301.0
2021-02-24,-10.4,52,2,770.0,2,1,0,643,691,249,169318.0
2021-02-23,-8.1,53,2,769.9,1,1,0,643,691,543,463249.0
2021-02-22,-9.2,42,4,771.7,0,1,0,643,691,379,328666.0
2021-02-21,-12.6,45,2,777.5,6,1,0,643,691,382,305232.0
2021-02-20,-6.7,56,3,753.0,5,1,0,643,691,460,408162.0
2021-02-19,-9.2,45,1,760.6,4,1,0,643,691,341,255183.0
2021-02-18,-0.7,50,4,752.9,3,1,0,643,691,310,188770.0
2021-02-17,-11.3,57,4,763.3,2,1,0,643,691,279,167120.0
2021-02-16,-12.4,53,3,774.5,1,1,0,643,691,265,158169.0
2021-02-15,-15.1,52,2,778.6,0,1,0,643,691,252,169615.0
2021-02-14,-12.8,44,1,773.8,6,1,0,643,691,500,409864.0
2021-02-13,-18.5,67,2,779.0,5,1,0,643,691,449,336146.0
2021-02-12,-14.2,57,3,778.4,4,1,0,643,691,386,283216.0
2021-02-11,-10.5,70,2,769.1,3,1,0,643,691,286,177260.0
2021-02-10,-5.1,85,2,762.8,2,1,0,643,691,284,175834.0
2021-02-09,-5.7,55,4,756.4,1,1,0,643,691,267,148734.0
2021-02-08,-2.2,42,0,767.8,0,1,0,643,691,243,161908.0
2021-02-07,-6.1,48,2,769.6,6,1,0,643,691,371,280064.0
2021-02-06,-11.1,57,0,772.0,5,1,0,643,691,430,313165.0
2021-02-05,-8.4,52,3,767.4,4,1,0,643,691,366,259608.0
2021-02-04,-5.2,78,1,757.9,3,1,0,643,691,247,155131.0
2021-02-03,-8.6,54,1,766.0,2,1,0,643,691,242,151690.0
2021-02-02,-24.5,64,1,777.1,1,1,0,643,691,234,149778.0
2021-02-01,-29.3,65,2,782.0,0,1,0,643,691,241,162635.0
2021-01-31,-26.0,59,2,785.4,6,1,0,643,691,359,265917.0
2021-01-30,-11.3,83,1,762.4,5,1,0,643,691,469,371069.0
2021-01-29,-20.8,72,2,771.3,4,1,0,643,691,383,281272.0
2021-01-28,-16.1,67,2,766.2,3,1,0,643,691,286,175856.0
2021-01-27,-23.8,62,1,781.4,2,1,0,643,691,239,154641.0
2021-01-26,-19.4,57,3,777.4,1,1,0,643,691,269,183691.0
2021-01-25,-12.8,70,2,774.3,0,1,0,643,691,255,162262.0
2021-01-24,-12.3,75,2,775.6,6,1,0,643,691,334,250203.0
2021-01-23,-9.9,73,1,769.0,5,1,0,643,691,421,333789.0
2021-01-22,-10.2,64,3,759.4,4,1,0,643,691,360,260674.0
2021-01-21,-14.1,56,1,770.1,3,1,0,643,691,279,160273.0
2021-01-20,-9.0,52,2,762.8,2,1,0,643,691,247,166367.0
2021-01-19,-8.8,61,3,758.3,1,1,0,643,691,253,166754.0
2021-01-18,-12.7,68,4,764.9,0,1,0,643,691,223,144516.0
2021-01-17,-13.5,70,0,768.6,6,1,0,643,691,356,272681.0
2021-01-16,-10.2,73,2,774.4,5,1,0,643,691,425,321798.0
2021-01-15,-12.1,56,0,776.0,4,1,0,643,691,353,244373.0
2021-01-14,-19.6,58,0,775.7,3,1,0,643,691,284,171377.0
2021-01-13,-22.0,68,2,762.4,2,1,0,643,691,280,183907.0
2021-01-12,-16.6,71,3,765.1,1,1,0,643,691,231,152663.0
2021-01-11,-9.2,69,1,759.8,0,1,0,643,691,221,143846.0
2021-01-10,-16.8,80,1,775.1,6,1,0,643,691,250,170931.0
2021-01-09,-12.3,65,1,779.2,5,1,0,643,691,360,281758.0
2021-01-08,-10.4,63,3,781.7,4,1,0,643,691,333,247469.0
2021-01-07,-16.8,71,1,784.4,3,1,0,643,691,348,287707.0
2021-01-06,-22.2,68,4,786.3,2,1,0,643,691,315,253968.0
2021-01-05,-26.8,53,4,794.0,1,1,0,643,691,324,271704.0
2021-01-04,-16.3,67,1,775.8,0,1,0,643,691,370,293357.0
2021-01-03,-18.0,54,2,783.3,6,1,0,643,691,359,295869.0
2021-01-02,-22.7,67,1,786.0,5,1,0,643,691,354,306795.0
2021-01-01,-24.5,69,0,782.9,4,1,0,643,691,238,201419.0
2020-12-31,-26.9,69,1,779.8,3,1,0,643,691,261,230083.0
2020-12-30,-25.1,66,1,783.7,2,1,0,643,691,314,248004.0
2020-12-29,-28.0,66,2,798.4,1,1,0,643,691,346,307216.0
2020-12-28,-28.1,58,3,797.0,0,1,0,643,691,310,214312.0
2020-12-27,-26.0,57,3,786.0,6,1,0,643,691,379,294088.0
2020-12-26,-15.3,53,3,772.9,5,1,0,643,691,495,419998.0
2020-12-25,-10.2,77,3,760.9,4,1,0,643,691,409,322427.0
2020-12-24,-16.9,73,1,763.3,3,1,0,643,691,263,187429.0
2020-12-23,-11.1,84,1,764.3,2,1,0,643,691,250,155951.0
2020-12-22,-13.4,84,2,768.5,1,1,0,643,691,217,139138.0
2020-12-21,-8.3,68,0,763.0,0,1,0,643,691,261,160907.0
2020-12-20,-5.7,67,1,766.3,6,1,0,643,691,349,269785.0
2020-12-19,-4.7,59,2,769.8,5,1,0,643,691,402,293119.0
2020-12-18,-14.1,82,0,774.1,4,1,0,643,691,353,259529.0
2020-12-17,-15.4,57,2,781.2,3,1,0,643,691,259,171714.0
2020-12-16,-9.9,80,3,773.3,2,1,0,643,691,226,148798.0
2020-12-15,-11.4,74,2,770.0,1,1,0,643,691,270,183890.0
2020-12-14,-18.1,73,0,774.2,0,1,0,643,691,231,146399.0
2020-12-13,-17.1,78,1,778.1,6,1,0,643,691,310,239406.0
2020-12-12,-14.3,67,4,778.0,5,1,0,643,691,432,336436.0
2020-12-11,-19.5,74,1,770.3,4,1,0,643,691,358,268633.0
2020-12-10,-14.8,78,1,772.2,3,1,0,643,691,290,210915.0
2020-12-09,-10.4,76,2,760.5,2,1,0,643,691,237,141924.0
2020-12-08,-7.7,69,0,762.3,1,1,0,643,691,231,130470.0
2020-12-07,-9.5,65,2,773.7,0,1,0,643,691,239,148355.0
2020-12-06,-11.3,70,1,777.4,6,1,0,643,691,316,220392.0
2020-12-05,-14.3,80,2,778.6,5,1,0,643,691,359,252271.0
2020-12-04,-14.1,81,1,773.5,4,1,0,643,691,313,223237.0
2020-12-03,-12.8,82,0,782.8,3,1,0,643,691,221,127413.0
2020-12-02,-7.2,68,1,784.4,2,1,0,643,691,229,147620.0
2020-12-01,-7.5,68,2,781.1,1,1,0,643,691,227,139140.0
2020-11-30,-8.5,76,1,782.4,0,1,0,643,691,237,152163.0
2020-11-29,-12.3,75,1,783.1,6,1,0,643,691,314,223972.0
2020-11-28,-15.3,81,1,783.3,5,1,0,643,691,370,292858.0
2020-11-27,-11.5,68,1,786.0,4,1,0,643,691,344,265160.0
2020-11-26,-11.0,66,1,784.7,3,1,0,643,691,269,173824.0
2020-11-25,-8.5,63,2,781.2,2,1,0,643,691,236,146848.0
2020-11-24,-3.4,68,2,777.7,1,1,0,643,691,225,119488.0
2020-11-23,2.0,58,1,770.5,0,1,0,643,691,219,137669.0
2020-11-22,-1.0,74,0,772.3,6,1,0,643,691,264,183777.0
2020-11-21,-3.6,65,2,777.0,5,1,0,643,691,407,317193.0
2020-11-20,-8.0,58,0,778.0,4,1,0,643,691,343,257343.0
2020-11-19,-8.2,63,2,775.6,3,1,0,643,691,250,153081.0
2020-11-18,-6.1,74,2,771.7,2,1,0,643,691,232,153293.0
2020-11-17,-3.8,76,1,770.7,1,1,0,643,691,247,135029.0
2020-11-16,-5.2,84,2,771.1,0,1,0,643,691,233,147759.0
2020-11-15,-0.9,64,1,770.7,6,1,0,643,691,312,238179.0
2020-11-14,-0.7,45,2,774.4,5,1,0,643,691,371,284784.0
2020-11-13,6.0,56,5,758.6,4,1,0,643,691,351,249942.0
2020-11-12,5.2,56,4,765.8,3,1,0,643,691,251,156573.0
2020-11-11,1.7,82,3,769.0,2,1,0,643,691,284,189199.0
2020-11-10,4.1,65,3,763.6,1,1,0,643,691,238,145479.0
2020-11-09,9.5,48,4,759.1,0,1,0,643,691,196,123279.0
2020-11-08,4.8,70,4,769.3,6,1,0,643,691,263,175567.0
2020-11-07,-2.8,60,1,772.6,5,1,0,643,691,355,273789.0
2020-11-06,-0.4,70,5,761.2,4,1,0,643,691,293,211008.0
2020-11-05,1.8,39,2,755.3,3,1,0,643,691,228,143892.0
2020-11-04,-2.1,86,2,764.2,2,1,0,643,691,261,177865.0
2020-11-03,-0.9,67,2,768.8,1,1,0,643,691,277,183309.0
2020-11-02,0.0,65,3,771.8,0,1,0,643,691,229,149919.0
2020-11-01,-5.7,46,4,778.4,6,1,0,643,691,298,230358.0
2020-10-31,1.7,59,2,767.2,5,1,0,643,691,402,315410.0
2020-10-30,0.7,84,3,767.8,4,1,0,643,691,355,259647.0
2020-10-29,5.8,64,1,766.1,3,1,0,643,691,283,178496.0
2020-10-28,8.1,53,5,760.6,2,1,0,643,691,255,155739.0
2020-10-27,6.0,48,4,767.9,1,1,0,643,691,266,160780.0
2020-10-26,0.7,42,2,772.9,0,1,0,643,691,276,172816.0
2020-10-25,-0.3,73,5,769.5,6,1,0,643,691,317,234495.0
2020-10-24,7.1,65,3,763.6,5,1,0,643,691,439,305408.0
2020-10-23,11.2,48,3,760.0,4,1,0,643,691,390,261712.0
2020-10-22,10.1,41,3,760.9,3,1,0,643,691,272,174039.0
2020-10-21,2.7,73,2,768.3,2,1,0,643,691,260,148988.0
2020-10-20,0.9,42,3,769.8,1,1,0,643,691,253,163709.0
2020-10-19,-0.2,92,4,766.9,0,1,0,643,691,251,165407.0
2020-10-18,14.5,27,2,759.7,6,1,0,643,691,347,244528.0
2020-10-17,7.8,34,2,767.8,5,1,0,643,691,437,343808.0
2020-10-16,9.6,48,3,763.5,4,1,0,643,691,361,248294.0
2020-10-15,10.9,39,2,766.3,3,1,0,643,691,278,165837.0
2020-10-14,4.4,48,2,769.5,2,1,0,643,691,288,181227.0
2020-10-13,4.1,39,1,769.6,1,1,0,643,691,259,151759.0
2020-10-12,0.8,42,3,772.8,0,1,0,643,691,238,153389.0
2020-10-11,5.3,28,2,765.5,6,1,0,643,691,375,263789.0
2020-10-10,2.3,37,2,771.7,5,1,0,643,691,434,321487.0
2020-10-09,3.7,72,3,762.8,4,1,0,643,691,359,245127.0
2020-10-08,1.7,84,2,766.9,3,1,0,643,691,247,160113.0
2020-10-07,1.0,79,1,768.8,2,1,0,643,691,255,162675.0
2020-10-06,11.5,45,3,762.0,1,1,0,643,691,243,132646.0
2020-10-05,12.3,35,3,765.1,0,1,0,643,691,309,187601.0
2020-10-04,8.3,47,1,769.8,6,1,0,643,691,324,227350.0
2020-10-03,5.3,33,1,773.5,5,1,0,643,691,390,270804.0
2020-10-02,5.3,42,2,770.6,4,1,0,643,691,335,236525.0
2020-10-01,5.2,34,3,767.6,3,1,0,643,691,270,160414.0
2020-09-30,5.4,62,4,766.0,2,1,0,643,691,279,166649.0
2020-09-29,14.0,51,1,760.3,1,1,0,643,691,257,149756.0
2020-09-28,11.8,52,1,769.8,0,1,0,643,691,258,143416.0
2020-09-27,7.9,78,1,769.0,6,1,0,643,691,312,223213.0
2020-09-26,7.8,78,3,758.4,5,1,0,643,691,398,300007.0
2020-09-25,17.6,43,3,745.9,4,1,0,643,691,309,211868.0
2020-09-24,11.7,63,3,757.8,3,1,0,643,691,276,159711.0
2020-09-23,16.1,37,2,763.1,2,1,0,643,691,238,142639.0
2020-09-22,14.7,52,2,762.4,1,1,0,643,691,259,146173.0
2020-09-21,12.4,70,1,767.3,0,1,0,643,691,282,174907.0
2020-09-20,15.4,50,2,767.7,6,1,0,643,691,273,183742.0
2020-09-19,11.0,78,3,762.7,5,1,0,643,691,420,300905.0
2020-09-18,17.8,46,3,759.7,4,1,0,643,691,281,209612.0
2020-09-17,17.7,50,1,761.5,3,1,0,643,691,241,148531.0
2020-09-16,16.9,53,1,761.8,2,1,0,643,691,270,163092.0
2020-09-15,9.2,85,2,762.2,1,1,0,643,691,250,154379.0
2020-09-14,7.9,89,3,758.8,0,1,0,643,691,267,156321.0
2020-09-13,7.7,86,4,761.6,6,1,0,643,691,335,238725.0
2020-09-12,10.0,83,2,765.1,5,1,0,643,691,349,240144.0
2020-09-11,9.6,76,2,767.5,4,1,0,643,691,366,256143.0
2020-09-10,18.5,59,2,757.3,3,1,0,643,691,261,152104.0
2020-09-09,18.1,54,1,762.2,2,1,0,643,691,251,148056.0
2020-09-08,16.8,64,3,762.6,1,1,0,643,691,242,149395.0
2020-09-07,20.4,42,3,759.4,0,1,0,643,691,234,130488.0
2020-09-06,15.2,44,2,765.2,6,1,0,643,691,298,188383.0
2020-09-05,21.2,46,1,752.5,5,1,0,643,691,306,219708.0
2020-09-04,24.5,40,2,753.7,4,1,0,643,691,304,211722.0
2020-09-03,20.9,48,1,759.4,3,1,0,643,691,241,147940.0
2020-09-02,20.0,55,3,755.3,2,1,0,643,691,243,145190.0
2020-09-01,19.4,51,1,762.1,1,1,0,643,691,534,407345.0
2020-08-31,20.6,46,2,760.2,0,1,0,643,691,289,179026.0
2020-08-30,16.1,85,2,759.1,6,1,0,643,691,287,194923.0
2020-08-29,18.9,64,1,759.1,5,1,0,643,691,297,213935.0
2020-08-28,13.8,91,2,758.9,4,1,0,643,691,304,185686.0
2020-08-27,17.6,74,5,753.7,3,1,0,643,691,269,168582.0
2020-08-26,18.9,66,3,748.3,2,1,0,643,691,248,151569.0
2020-08-25,16.4,72,1,754.3,1,1,0,643,691,253,157194.0
2020-08-24,20.6,53,1,752.6,0,1,0,643,691,231,148150.0
2020-08-23,13.3,92,3,755.6,6,1,0,643,691,278,206129.0
2020-08-22,21.6,59,2,753.0,5,1,0,643,691,178,126150.0
2020-08-20,20.2,63,1,758.6,3,1,0,643,691,210,128660.0
2020-08-19,27.5,32,4,752.3,2,1,0,643,691,221,137140.0
2020-08-18,24.4,32,4,755.4,1,1,0,643,691,243,153681.0
2020-08-17,20.7,36,1,758.7,0,1,0,643,691,231,142763.0
2020-08-16,22.6,51,1,756.0,6,1,0,643,691,279,186039.0
2020-08-15,18.1,78,1,756.1,5,1,0,643,691,247,166442.0
2020-08-14,20.0,74,1,752.5,4,1,0,643,691,300,210215.0
2020-08-13,26.8,49,1,749.1,3,1,0,643,691,244,160058.0
2020-08-12,24.9,41,4,752.1,2,1,0,643,691,197,124985.0
2020-08-11,25.5,35,2,752.8,1,1,0,643,691,228,143310.0
2020-08-10,21.4,59,1,753.0,0,1,0,643,691,208,126663.0
2020-08-09,23.5,52,4,751.3,6,1,0,643,691,224,141683.0
2020-08-08,16.3,85,2,751.4,5,1,0,643,691,322,218644.0
2020-08-07,22.4,53,2,753.5,4,1,0,643,691,264,198677.0
2020-08-06,18.5,80,2,752.5,3,1,0,643,691,241,164834.0
2020-08-05,25.1,48,3,754.2,2,1,0,643,691,200,130810.0
2020-08-04,22.1,64,1,757.0,1,1,0,643,691,190,119644.0
2020-08-03,16.5,87,3,759.4,0,1,0,643,691,198,142313.0
2020-08-02,16.1,81,3,757.0,6,1,0,643,691,271,213401.0
2020-08-01,24.1,47,5,751.0,5,1,0,643,691,246,183337.0
2020-07-31,24.8,62,2,752.6,4,1,0,643,691,271,217897.0
2020-07-30,23.3,58,1,753.4,3,1,0,643,691,179,130135.0
2020-07-29,20.8,70,1,754.3,2,1,0,643,691,201,145776.0
2020-07-28,23.4,49,2,756.7,1,1,0,643,691,176,124002.0
2020-07-27,25.8,47,2,751.3,0,1,0,643,691,180,120803.0
2020-07-26,22.4,64,2,753.0,6,1,0,643,691,227,180982.0
2020-07-25,25.0,51,1,756.2,5,1,0,643,691,218,163686.0
2020-07-24,26.0,44,4,752.9,4,1,0,643,691,224,169828.0
2020-07-23,20.3,74,1,755.1,3,1,0,643,691,193,146780.0
2020-07-22,25.0,43,1,745.3,2,1,0,643,691,211,166258.0
2020-07-21,24.9,30,3,749.1,1,1,0,643,691,170,132030.0
2020-07-20,21.3,34,2,753.1,0,1,0,643,691,181,132075.0
2020-07-19,17.8,46,2,757.3,6,1,0,643,691,213,168210.0
2020-07-18,16.1,63,3,759.0,5,1,0,643,691,259,187196.0
2020-07-17,20.6,40,1,754.9,4,1,0,643,691,282,209205.0
2020-07-16,18.9,45,3,759.4,3,1,0,643,691,205,131829.0
2020-07-15,18.4,89,3,750.9,2,1,0,643,691,206,153578.0
2020-07-14,29.5,42,2,749.8,1,1,0,643,691,184,128783.0
2020-07-13,27.0,47,1,754.6,0,1,0,643,691,201,150228.0
2020-07-12,19.3,75,2,756.2,6,1,0,643,691,220,166813.0
2020-07-11,27.4,39,1,749.3,5,1,0,643,691,251,184444.0
2020-07-10,26.9,39,1,748.9,4,1,0,643,691,288,218147.0
2020-07-09,23.8,52,3,750.9,3,1,0,643,691,175,129071.0
2020-07-08,21.1,77,2,752.2,2,1,0,643,691,207,146113.0
2020-07-07,30.8,28,1,748.3,1,1,0,643,691,168,125902.0
2020-07-06,29.3,39,2,750.5,0,1,0,643,691,191,144549.0
2020-07-05,23.8,63,2,750.9,6,1,0,643,691,209,174136.0
2020-07-04,31.9,24,2,749.9,5,1,0,643,691,231,179521.0
2020-07-03,30.2,28,3,753.4,4,1,0,643,691,272,210905.0
2020-07-02,30.4,27,3,755.2,3,1,0,643,691,178,137827.0
2020-07-01,29.8,30,2,757.1,2,1,0,643,691,245,185350.0
2020-06-30,30.0,33,2,756.2,1,1,0,643,691,209,150333.0
2020-06-29,27.2,46,2,756.3,0,1,0,643,691,173,120497.0
2020-06-28,28.4,38,2,749.5,6,1,0,643,691,214,171612.0
2020-06-27,23.7,50,2,750.6,5,1,0,643,691,260,202151.0
2020-06-26,29.4,31,1,752.5,4,1,0,643,691,236,183622.0
2020-06-25,29.0,25,1,751.0,3,1,0,643,691,188,139322.0
2020-06-24,26.2,39,3,753.0,2,1,0,643,691,209,158261.0
2020-06-23,22.1,58,3,753.4,1,1,0,643,691,176,140135.0
2020-06-22,25.8,28,1,751.3,0,1,0,643,691,196,142823.0
2020-06-21,25.6,34,1,752.1,6,1,0,643,691,230,176577.0
2020-06-20,20.4,57,1,755.8,5,1,0,643,691,244,188446.0
2020-06-19,23.7,40,2,750.6,4,1,0,643,691,263,211238.0
2020-06-18,23.6,41,1,752.2,3,1,0,643,691,184,138150.0
2020-06-17,20.3,38,1,758.8,2,1,0,643,691,171,121014.0
2020-06-16,14.1,82,4,757.2,1,1,0,643,691,198,135414.0
2020-06-15,30.6,23,1,751.0,0,1,0,643,691,186,145469.0
2020-06-14,30.9,21,2,753.5,6,1,0,643,691,196,159019.0
2020-06-13,25.7,30,1,756.8,5,1,0,643,691,236,181928.0
2020-06-12,18.3,47,2,756.0,4,1,0,643,691,256,206597.0
2020-06-11,14.3,71,1,757.6,3,1,0,643,691,258,217043.0
2020-06-10,13.4,84,1,757.3,2,1,0,643,691,178,143436.0
2020-06-09,19.0,39,4,753.9,1,1,0,643,691,164,116293.0
2020-06-08,18.9,36,3,755.0,0,1,0,643,691,151,114250.0
2020-06-07,13.4,66,2,755.8,6,1,0,643,691,224,165144.0
2020-06-06,19.8,48,2,745.3,5,1,0,643,691,265,216642.0
2020-06-05,18.7,53,2,753.0,4,1,0,643,691,257,209500.0
2020-06-04,16.9,53,1,757.0,3,1,0,643,691,168,129331.0
2020-06-03,17.4,45,2,753.6,2,1,0,643,691,168,132175.0
2020-06-02,16.3,37,5,756.1,1,1,0,643,691,190,150672.0
2020-06-01,14.7,63,5,750.7,0,1,0,643,691,289,256279.0
2020-05-31,21.6,28,2,750.4,6,1,0,643,691,187,150546.0
2020-05-30,16.5,29,1,757.8,5,1,0,643,691,244,188214.0
2020-05-29,12.4,45,2,760.8,4,1,0,643,691,258,212751.0
2020-05-28,9.7,55,2,762.0,3,1,0,643,691,185,152629.0
2020-05-27,21.6,45,5,748.7,2,1,0,643,691,212,171747.0
2020-05-26,24.4,28,2,758.8,1,1,0,643,691,192,147716.0
2020-05-25,24.6,24,2,762.1,0,1,0,643,691,188,152503.0
2020-05-24,22.8,32,2,763.6,6,1,0,643,691,201,161853.0
2020-05-23,23.2,21,2,765.5,5,1,0,643,691,241,216326.0
2020-05-22,19.1,25,2,765.1,4,1,0,643,691,312,271448.0
2020-05-21,11.7,86,1,762.5,3,1,0,643,691,226,177869.0
2020-05-20,17.5,45,2,760.4,2,1,0,643,691,177,152960.0
2020-05-19,22.2,36,2,756.9,1,1,0,643,691,177,133645.0
2020-05-18,22.7,39,2,758.2,0,1,0,643,691,200,155835.0
2020-05-17,16.6,16,1,763.3,6,1,0,643,691,225,172998.0
2020-05-16,12.4,28,4,761.9,5,1,0,643,691,245,200674.0
2020-05-15,8.3,46,5,760.2,4,1,0,643,691,265,221723.0
2020-05-14,13.0,41,1,747.0,3,1,0,643,691,209,179531.0
2020-05-13,22.3,27,4,749.7,2,1,0,643,691,165,129262.0
2020-05-12,24.2,15,2,753.7,1,1,0,643,691,185,144786.0
2020-05-11,20.2,12,5,761.9,0,1,0,643,691,178,146059.0
2020-05-10,18.7,30,4,762.9,6,1,0,643,691,213,165671.0
2020-05-09,12.0,41,3,767.6,5,1,0,643,691,280,238721.0
2020-05-08,8.4,62,3,762.6,4,1,0,643,691,280,224995.0
2020-05-07,15.3,24,3,759.7,3,1,0,643,691,234,193910.0
2020-05-06,12.4,37,2,761.5,2,1,0,643,691,192,158065.0
2020-05-05,15.9,36,2,753.5,1,1,0,643,691,207,175781.0
2020-05-04,20.1,27,3,757.0,0,1,0,643,691,190,148191.0
2020-05-03,14.1,45,3,761.2,6,1,0,643,691,222,178148.0
2020-05-02,15.7,29,2,760.4,5,1,0,643,691,228,187379.0
2020-05-01,18.5,31,1,754.6,4,1,0,643,691,305,253067.0
2020-04-30,23.2,33,2,748.2,3,1,0,643,691,313,264325.0
2020-04-29,22.8,28,3,753.7,2,1,0,643,691,200,157042.0
2020-04-28,14.1,58,1,761.1,1,1,0,643,691,171,138082.0
2020-04-27,18.0,34,2,762.7,0,1,0,643,691,165,134880.0
2020-04-26,21.7,22,3,762.2,6,1,0,643,691,248,191894.0
2020-04-25,23.1,20,1,762.1,5,1,0,643,691,259,215608.0
2020-04-24,20.8,12,1,760.6,4,1,0,643,691,277,215347.0
2020-04-23,22.5,10,3,761.8,3,1,0,643,691,213,161671.0
2020-04-22,12.1,14,3,772.3,2,1,0,643,691,231,191038.0
2020-04-21,6.8,14,2,776.0,1,1,0,643,691,206,165129.0
2020-04-20,3.9,18,4,777.8,0,1,0,643,691,184,141561.0
2020-04-19,3.9,19,4,775.1,6,1,0,643,691,195,151444.0
2020-04-18,5.1,77,3,766.9,5,1,0,643,691,252,215692.0
2020-04-17,11.4,47,3,763.3,4,1,0,643,691,281,226597.0
2020-04-16,16.2,16,3,763.9,3,1,0,643,691,242,186136.0
2020-04-15,13.8,23,2,766.2,2,1,0,643,691,230,178899.0
2020-04-14,8.7,33,2,765.4,1,1,0,643,691,204,162761.0
2020-04-13,7.8,31,2,767.7,0,1,0,643,691,186,158318.0
2020-04-12,3.2,72,3,773.9,6,1,0,643,691,260,210070.0
2020-04-11,10.5,41,3,772.1,5,1,0,643,691,291,237874.0
2020-04-10,15.7,23,2,770.5,4,1,0,643,691,283,232444.0
2020-04-09,15.4,23,5,767.8,3,1,0,643,691,212,172981.0
2020-04-08,12.0,24,2,768.9,2,1,0,643,691,206,156417.0
2020-04-07,4.8,57,1,769.0,1,1,0,643,691,212,168103.0
2020-04-06,8.7,19,2,771.0,0,1,0,643,691,210,179139.0
2020-04-05,6.9,32,3,776.2,6,1,0,643,691,206,166846.0
2020-04-04,14.4,22,2,768.2,5,1,0,643,691,243,199779.0
2020-04-03,16.2,16,2,766.9,4,1,0,643,691,245,203487.0
2020-04-02,14.7,14,3,767.2,3,1,0,643,691,229,181966.0
2020-04-01,12.4,20,2,767.2,2,1,0,643,691,193,150424.0
2020-03-31,8.9,18,1,769.0,1,1,0,643,691,192,155061.0
2020-03-30,3.4,39,3,770.7,0,1,0,643,691,167,138735.0
2020-03-29,3.6,41,2,761.5,6,1,0,643,691,201,179381.0
2020-03-28,9.6,18,1,756.1,5,1,0,643,691,317,222605.0
2020-03-27,5.4,26,1,768.1,4,1,0,643,691,361,226387.0
2020-03-26,-0.8,37,5,773.2,3,1,0,643,691,245,137846.0
2020-03-25,-6.9,34,6,774.1,2,1,0,643,691,270,162507.0
2020-03-24,-3.2,90,3,763.2,1,1,0,643,691,261,163606.0
2020-03-23,7.9,39,3,761.4,0,1,0,643,691,215,118706.0
2020-03-22,12.2,21,2,758.4,6,1,0,643,691,327,213295.0
2020-03-21,9.8,24,1,759.5,5,1,0,643,691,409,280686.0
2020-03-20,2.7,40,1,761.4,4,1,0,643,691,323,203430.0
2020-03-19,2.7,55,3,762.1,3,1,0,643,691,225,127053.0
2020-03-18,3.2,26,3,763.1,2,1,0,643,691,229,124544.0
2020-03-17,6.5,32,2,758.5,1,1,0,643,691,195,107595.0
2020-03-16,6.5,41,2,764.5,0,1,0,643,691,208,111847.0
2020-03-15,8.3,38,3,760.5,6,1,0,643,691,350,206374.0
2020-03-14,10.6,41,1,764.2,5,1,0,643,691,409,276907.0
2020-03-13,2.1,72,2,770.0,4,1,0,643,691,311,198683.0
2020-03-12,3.2,29,2,768.5,3,0,0,643,691,225,113068.0
2020-03-11,-3.2,54,5,772.0,2,0,0,643,691,244,135225.0
2020-03-10,4.4,25,1,754.7,1,0,0,643,691,222,127393.0
2020-03-09,1.3,29,1,766.0,0,0,0,643,691,320,209129.0
2020-03-08,-7.1,37,2,774.7,6,0,0,643,691,491,385885.0
2020-03-07,-5.2,36,2,766.3,5,0,0,643,691,418,306747.0
2020-03-06,-0.6,48,3,756.0,4,0,0,643,691,392,333626.0
2020-03-05,1.0,50,3,762.6,3,0,0,643,691,250,140192.0
2020-03-04,-1.1,33,3,760.9,2,0,0,643,691,240,125731.0
2020-03-03,-2.9,35,7,768.2,1,0,0,643,691,224,152060.0
2020-03-02,-5.5,62,1,778.8,0,0,0,643,691,197,106231.0
2020-03-01,-3.7,60,3,772.3,6,0,0,643,691,293,198225.0
2020-02-29,-3.9,72,1,772.1,5,0,0,643,691,385,260600.0
2020-02-28,-4.0,44,2,763.7,4,0,0,643,691,282,190751.0
2020-02-27,-4.4,54,1,770.2,3,0,0,643,691,201,114638.0
2020-02-26,-7.7,59,2,773.0,2,0,0,643,691,221,108611.0
2020-02-25,-4.9,49,1,772.3,1,0,0,643,691,184,115401.0
2020-02-24,-8.1,63,1,774.7,0,0,0,643,691,263,159883.0
2020-02-23,-3.2,63,2,768.8,6,0,0,643,691,494,362095.0
2020-02-22,-3.0,42,3,762.0,5,0,0,643,691,370,283612.0
2020-02-21,0.7,33,2,770.5,4,0,0,643,691,353,289907.0
2020-02-20,-2.3,53,1,770.8,3,0,0,643,691,258,138790.0
2020-02-19,-7.2,51,0,771.4,2,0,0,643,691,220,135992.0
2020-02-18,-3.5,50,2,772.4,1,0,0,643,691,204,104627.0
2020-02-17,-4.5,44,1,779.1,0,0,0,643,691,193,104163.0
2020-02-16,-5.8,37,1,778.1,6,0,0,643,691,334,229827.0
2020-02-15,-6.2,40,2,780.8,5,0,0,643,691,434,291863.0
2020-02-14,-7.4,47,4,782.0,4,0,0,643,691,446,309713.0
2020-02-13,-9.0,53,2,783.1,3,0,0,643,691,253,155014.0
2020-02-12,-8.9,41,1,774.2,2,0,0,643,691,241,153802.0
2020-02-11,-5.1,70,3,763.3,1,0,0,643,691,239,135700.0
2020-02-10,2.1,43,3,747.5,0,0,0,643,691,221,136146.0
2020-02-09,-8.7,62,4,758.2,6,0,0,643,691,338,226162.0
2020-02-08,-5.0,45,1,769.9,5,0,0,643,691,368,240098.0
2020-02-07,-12.2,59,5,772.6,4,0,0,643,691,322,196551.0
2020-02-06,-6.4,62,1,772.3,3,0,0,643,691,245,152232.0
2020-02-05,-15.2,56,3,772.6,2,0,0,643,691,232,127227.0
2020-02-04,-14.1,41,2,772.6,1,0,0,643,691,214,121234.0
2020-02-03,-19.0,57,0,779.7,0,0,0,643,691,209,124925.0
2020-02-02,-19.0,68,2,776.4,6,0,0,643,691,308,205247.0
2020-02-01,-15.7,56,1,780.7,5,0,0,643,691,384,285604.0
2020-01-31,-11.6,50,1,778.8,4,0,0,643,691,330,246116.0
2020-01-30,-6.7,56,3,772.9,3,0,0,643,691,216,120440.0
2020-01-29,-4.8,49,4,762.2,2,0,0,643,691,193,112259.0
2020-01-28,-9.1,56,3,770.5,1,0,0,643,691,205,136544.0
2020-01-27,-11.4,57,1,773.8,0,0,0,643,691,229,136883.0
2020-01-26,-10.3,54,3,767.0,6,0,0,643,691,317,211685.0
2020-01-25,-11.7,55,3,766.9,5,0,0,643,691,401,279117.0
2020-01-24,-13.4,56,4,771.9,4,0,0,643,691,306,194454.0
2020-01-23,-12.7,57,4,773.9,3,0,0,643,691,255,151418.0
2020-01-22,-15.1,64,1,771.1,2,0,0,643,691,230,131609.0
2020-01-21,-11.8,63,2,766.9,1,0,0,643,691,228,126455.0
2020-01-20,-11.6,58,3,759.4,0,0,0,643,691,206,125327.0
2020-01-19,-10.8,38,1,771.4,6,0,0,643,691,346,223817.0
2020-01-18,-11.8,68,4,761.3,5,0,0,643,691,401,250684.0
2020-01-17,-14.1,66,1,770.6,4,0,0,643,691,313,207463.0
2020-01-16,-13.7,65,3,772.7,3,0,0,643,691,232,137709.0
2020-01-15,-12.1,60,1,773.8,2,0,0,643,691,232,124136.0
2020-01-14,-14.3,68,3,769.3,1,0,0,643,691,203,122111.0
2020-01-13,-14.8,65,3,769.9,0,0,0,643,691,236,144543.0
2020-01-12,-17.2,80,0,773.2,6,0,0,643,691,272,187649.0
2020-01-11,-16.6,82,1,778.2,5,0,0,643,691,358,230974.0
2020-01-10,-11.5,62,1,776.9,4,0,0,643,691,288,168659.0
2020-01-09,-9.9,73,0,774.7,3,0,0,643,691,216,142352.0
2020-01-08,-10.0,71,1,772.1,2,0,0,643,691,272,170795.0
2020-01-07,-5.6,73,3,772.6,1,0,0,643,691,318,210840.0
2020-01-06,-9.9,86,1,774.7,0,0,0,643,691,339,230901.0
2020-01-05,-10.0,80,1,773.3,6,0,0,643,691,335,230115.0
2020-01-04,-7.1,67,1,768.3,5,0,0,643,691,370,245685.0
2020-01-03,-4.7,62,1,769.3,4,0,0,643,691,328,235918.0
2020-01-02,-8.5,73,4,771.7,3,0,0,643,691,362,258243.0
2020-01-01,-7.7,78,2,772.6,2,0,0,643,691,280,220518.0
2019-12-31,-11.4,74,2,768.9,1,0,0,643,691,212,178469.0
2019-12-30,-12.8,66,3,771.7,0,0,0,643,691,303,220869.0
2019-12-29,-27.6,70,1,786.1,6,0,0,643,691,372,263976.0
2019-12-28,-22.1,63,2,779.5,5,0,0,643,691,435,297670.0
2019-12-27,-12.6,80,2,763.5,4,0,0,643,691,399,315533.0
2019-12-26,-10.4,78,1,762.4,3,0,0,643,691,281,174555.0
2019-12-25,-19.1,79,1,771.2,2,0,0,643,691,280,168968.0
2019-12-24,-16.4,72,1,773.2,1,0,0,643,691,223,119309.0
2019-12-23,-12.6,76,1,770.5,0,0,0,643,691,205,123137.0
2019-12-22,-15.4,69,1,769.7,6,0,0,643,691,340,217904.0
2019-12-21,-11.2,74,0,766.7,5,0,0,643,691,360,249561.0
2019-12-20,-8.9,74,1,767.2,4,0,0,643,691,346,214095.0
2019-12-19,-11.0,72,1,769.0,3,0,0,643,691,239,137663.0
2019-12-18,-10.3,75,3,777.2,2,0,0,643,691,239,135469.0
2019-12-17,-15.8,82,0,776.6,1,0,0,643,691,253,140960.0
2019-12-16,-11.4,74,1,779.0,0,0,0,643,691,211,106467.0
2019-12-15,-5.6,69,3,769.9,6,0,0,643,691,325,221797.0
2019-12-14,-4.0,67,1,761.9,5,0,0,643,691,399,293397.0
2019-12-13,-2.3,81,5,762.7,4,0,0,643,691,304,208574.0
2019-12-12,-1.0,76,3,766.0,3,0,0,643,691,224,131193.0
2019-12-11,-6.5,78,1,766.0,2,0,0,643,691,234,127534.0
2019-12-10,-11.7,59,1,775.1,1,0,0,643,691,208,112026.0
2019-12-09,-7.7,81,2,767.4,0,0,0,643,691,206,120427.0
2019-12-08,-5.8,79,3,764.7,6,0,0,643,691,289,177279.0
2019-12-07,-9.9,75,1,767.7,5,0,0,643,691,359,215691.0
2019-12-06,-3.6,81,3,770.5,4,0,0,643,691,274,186024.0
2019-12-05,-8.5,70,2,779.4,3,0,0,643,691,210,110273.0
2019-12-04,-13.7,62,1,780.6,2,0,0,643,691,195,105255.0
2019-12-03,-6.7,64,3,773.8,1,0,0,643,691,212,121039.0
2019-12-02,-8.1,82,2,772.6,0,0,0,643,691,196,118205.0
2019-12-01,-9.9,63,0,775.6,6,0,0,643,691,300,207371.0
2019-11-30,-13.5,77,1,774.4,5,0,0,643,691,356,224152.0
2019-11-29,-13.0,73,2,777.8,4,0,0,643,691,386,186769.0
2019-11-28,-14.4,70,1,776.6,3,0,0,643,691,237,139658.0
2019-11-27,-10.8,64,0,779.6,2,0,0,643,691,196,111920.0
2019-11-26,-12.7,61,1,784.5,1,0,0,643,691,201,128998.0
2019-11-25,-11.6,71,1,773.4,0,0,0,643,691,192,98938.0
2019-11-24,-5.7,43,2,772.4,6,0,0,643,691,302,212036.0
2019-11-23,-16.4,73,1,779.6,5,0,0,643,691,338,238350.0
2019-11-22,-14.1,54,0,773.6,4,0,0,643,691,266,190189.0
2019-11-21,-9.4,68,3,763.4,3,0,0,643,691,206,113646.0
2019-11-20,-3.5,63,2,759.8,2,0,0,643,691,200,124690.0
2019-11-19,-7.8,62,3,766.5,1,0,0,643,691,206,123542.0
2019-11-18,-15.6,55,1,773.8,0,0,0,643,691,175,98368.0
2019-11-17,-16.7,52,2,782.8,6,0,0,643,691,338,218520.0
2019-11-16,-17.1,75,5,780.4,5,0,0,643,691,387,260360.0
2019-11-15,-13.5,66,2,767.8,4,0,0,643,691,293,194921.0
2019-11-14,-9.6,49,3,767.5,3,0,0,643,691,275,155232.0
2019-11-13,-4.6,32,1,762.9,2,0,0,643,691,265,136588.0
2019-11-12,-11.9,57,2,779.5,1,0,0,643,691,202,111652.0
2019-11-11,-9.7,65,2,770.8,0,0,0,643,691,202,117976.0
2019-11-10,-6.3,60,1,769.3,6,0,0,643,691,309,195853.0
2019-11-09,0.2,76,1,758.2,5,0,0,643,691,374,242157.0
2019-11-08,2.5,66,0,764.0,4,0,0,643,691,320,200374.0
2019-11-07,3.5,51,1,768.5,3,0,0,643,691,232,145728.0
2019-11-06,2.1,63,3,770.0,2,0,0,643,691,215,108225.0
2019-11-05,-2.6,73,3,770.0,1,0,0,643,691,184,98413.0
2019-11-04,-1.1,48,2,779.1,0,0,0,643,691,306,190874.0
2019-11-03,3.1,82,3,767.5,6,0,0,643,691,330,213852.0
2019-11-02,8.4,61,6,765.7,5,0,0,643,691,387,242176.0
2019-11-01,8.0,55,1,765.4,4,0,0,643,691,349,215526.0
2019-10-31,8.0,45,3,764.5,3,0,0,643,691,245,132075.0
2019-10-30,5.9,64,3,762.6,2,0,0,643,691,196,113686.0
2019-10-29,12.8,37,2,752.8,1,0,0,643,691,210,118509.0
2019-10-28,7.7,46,3,752.9,0,0,0,643,691,254,132447.0
2019-10-27,1.5,38,5,762.7,6,0,0,643,691,318,200808.0
2019-10-26,3.9,34,4,761.2,5,0,0,643,691,423,283404.0
2019-10-25,7.5,50,3,760.0,4,0,0,643,691,316,207270.0
2019-10-24,5.1,41,1,768.2,3,0,0,643,691,221,121166.0
2019-10-23,3.0,42,1,771.9,2,0,0,643,691,226,124607.0
2019-10-22,-2.6,52,3,775.6,1,0,0,643,691,206,123284.0
2019-10-21,1.7,60,1,766.7,0,0,0,643,691,250,113134.0
2019-10-20,3.4,68,3,764.7,6,0,0,643,691,359,228772.0
2019-10-19,4.8,66,3,763.6,5,0,0,643,691,426,286712.0
2019-10-18,8.4,57,5,758.8,4,0,0,643,691,328,206243.0
2019-10-17,11.7,50,4,756.7,3,0,0,643,691,274,145536.0
2019-10-16,13.2,46,4,760.9,2,0,0,643,691,276,148299.0
2019-10-15,15.1,27,2,765.6,1,0,0,643,691,241,137597.0
2019-10-14,11.3,38,1,772.3,0,0,0,643,691,238,131555.0
2019-10-13,6.6,46,2,776.3,6,0,0,643,691,345,223635.0
2019-10-12,1.0,32,1,778.6,5,0,0,643,691,385,254033.0
2019-10-11,0.5,37,2,775.6,4,0,0,643,691,314,188966.0
2019-10-10,1.3,40,3,772.3,3,0,0,643,691,242,139703.0
2019-10-09,2.3,66,2,767.8,2,0,0,643,691,146,66364.0
2019-10-08,15.5,46,1,759.3,1,0,0,643,691,186,95471.0
2019-10-07,7.1,70,1,771.4,0,0,0,643,691,223,114933.0
2019-10-06,9.9,64,2,763.9,6,0,0,643,691,291,183920.0
2019-10-05,15.0,20,0,763.9,5,0,0,643,691,341,226852.0
2019-10-04,14.6,28,1,769.9,4,0,0,643,691,331,189644.0
2019-10-03,10.8,35,1,774.4,3,0,0,643,691,213,123785.0
2019-10-02,8.5,42,2,774.9,2,0,0,643,691,249,142049.0
2019-10-01,7.2,48,2,770.3,1,0,0,643,691,218,108848.0
2019-09-30,6.2,90,2,753.7,0,0,0,643,691,221,132094.0
2019-09-29,7.7,87,3,756.7,6,0,0,643,691,348,214506.0
2019-09-28,11.8,48,5,758.7,5,0,0,643,691,396,253300.0
2019-09-27,6.6,71,3,768.7,4,0,0,643,691,335,219989.0
2019-09-26,17.3,54,1,762.0,3,0,0,643,691,238,129789.0
2019-09-25,22.8,42,2,758.5,2,0,0,643,691,248,124149.0
2019-09-24,22.5,41,2,763.0,1,0,0,643,691,216,97965.0
2019-09-23,19.4,46,3,762.9,0,0,0,643,691,222,102575.0
2019-09-22,18.5,36,1,768.8,6,0,0,643,691,316,219552.0
2019-09-21,24.1,34,1,760.8,5,0,0,643,691,391,267197.0
2019-09-20,20.6,45,3,763.9,4,0,0,643,691,302,175763.0
2019-09-19,15.9,58,1,766.7,3,0,0,643,691,261,145209.0
2019-09-18,20.1,38,2,763.3,2,0,0,643,691,217,108970.0
2019-09-17,16.0,41,1,767.9,1,0,0,643,691,248,116886.0
2019-09-16,9.3,87,3,763.3,0,0,0,643,691,221,122362.0
2019-09-15,11.8,51,1,761.5,6,0,0,643,691,313,188261.0
2019-09-14,7.2,77,1,761.8,5,0,0,643,691,358,228265.0
2019-09-13,15.7,41,1,759.4,4,0,0,643,691,299,185906.0
2019-09-12,17.3,51,1,758.4,3,0,0,643,691,248,133223.0
2019-09-11,12.4,78,1,758.2,2,0,0,643,691,216,114978.0
2019-09-10,18.8,50,3,755.3,1,0,0,643,691,222,106372.0
2019-09-09,16.9,42,1,762.5,0,0,0,643,691,230,117008.0
2019-09-08,13.6,54,1,765.1,6,0,0,643,691,277,160649.0
2019-09-07,12.5,55,2,763.9,5,0,0,643,691,363,219874.0
2019-09-06,15.7,47,1,760.9,4,0,0,643,691,315,193431.0
2019-09-05,15.0,75,2,759.7,3,0,0,643,691,247,126816.0
2019-09-04,20.8,67,1,757.9,2,0,0,643,691,220,126358.0
2019-09-03,17.4,86,1,758.2,1,0,0,643,691,234,123037.0
2019-09-02,21.8,62,2,759.7,0,0,0,643,691,262,139644.0
2019-09-01,26.0,49,2,752.5,6,0,0,643,691,573,419774.0
2019-08-31,24.7,52,4,756.1,5,0,0,643,691,342,219038.0
2019-08-30,24.6,49,1,758.5,4,0,0,643,691,298,203101.0
2019-08-29,21.8,60,1,762.1,3,0,0,643,691,264,149452.0
2019-08-28,22.8,39,5,761.1,2,0,0,643,691,264,137083.0
2019-08-27,21.2,45,2,764.1,1,0,0,643,691,247,135084.0
2019-08-26,16.9,79,2,762.7,0,0,0,643,691,266,145892.0
2019-08-25,19.5,60,3,758.7,6,0,0,643,691,326,209561.0
2019-08-24,17.8,76,4,757.5,5,0,0,643,691,345,216348.0
2019-08-23,23.8,51,4,753.6,4,0,0,643,691,283,157366.0
2019-08-22,22.0,44,2,759.6,3,0,0,643,691,278,150861.0
2019-08-21,21.3,49,2,760.0,2,0,0,643,691,234,133499.0
2019-08-20,16.6,76,2,762.4,1,0,0,643,691,249,143133.0
2019-08-19,19.8,64,3,757.0,0,0,0,643,691,251,169404.0
2019-08-18,17.2,74,1,759.4,6,0,0,643,691,285,184343.0
2019-08-17,13.2,96,1,756.7,5,0,0,643,691,336,215628.0
2019-08-16,22.3,50,1,757.8,4,0,0,643,691,302,190616.0
2019-08-15,17.4,65,2,762.0,3,0,0,643,691,243,127118.0
2019-08-14,13.5,90,1,758.5,2,0,0,643,691,273,149561.0
2019-08-13,19.8,52,1,756.5,1,0,0,643,691,233,135909.0
2019-08-12,20.1,52,1,758.9,0,0,0,643,691,239,138568.0
2019-08-11,21.8,80,1,750.0,6,0,0,643,691,301,189594.0
2019-08-10,26.4,56,1,752.5,5,0,0,643,691,260,152550.0
2019-08-09,21.4,62,1,754.6,4,0,0,643,691,284,175464.0
2019-08-08,23.3,54,1,755.8,3,0,0,643,691,217,128106.0
2019-08-07,24.8,38,2,758.5,2,0,0,643,691,238,146422.0
2019-08-06,25.3,37,4,758.3,1,0,0,643,691,180,89696.0
2019-08-05,25.0,61,2,758.2,0,0,0,643,691,186,123777.0
2019-08-04,24.5,74,1,756.7,6,0,0,643,691,240,152789.0
2019-08-03,26.0,58,2,750.4,5,0,0,643,691,268,171546.0
2019-08-02,25.3,61,3,755.4,4,0,0,643,691,225,155199.0
2019-08-01,20.4,78,1,759.3,3,0,0,643,691,251,156216.0
2019-07-31,24.0,61,2,754.7,2,0,0,643,691,256,147505.0
2019-07-30,21.9,63,2,756.8,1,0,0,643,691,214,123393.0
2019-07-29,13.8,96,4,757.8,0,0,0,643,691,234,154057.0
2019-07-28,14.2,95,4,748.8,6,0,0,643,691,257,178891.0
2019-07-27,15.9,97,3,744.0,5,0,0,643,691,284,205101.0
2019-07-26,24.3,63,1,745.0,4,0,0,643,691,247,164036.0
2019-07-25,26.2,55,3,745.3,3,0,0,643,691,212,142603.0
2019-07-24,24.4,59,1,751.0,2,0,0,643,691,208,125168.0
2019-07-23,18.7,96,1,752.3,1,0,0,643,691,204,122105.0
2019-07-22,20.1,79,2,753.4,0,0,0,643,691,227,130549.0
2019-07-21,23.6,68,2,753.2,6,0,0,643,691,262,165362.0
2019-07-20,23.4,65,1,750.4,5,0,0,643,691,245,151757.0
2019-07-19,28.5,47,2,749.8,4,0,0,643,691,244,145294.0
2019-07-18,28.4,54,2,752.9,3,0,0,643,691,206,117053.0
2019-07-17,27.9,51,2,751.8,2,0,0,643,691,182,104035.0
2019-07-16,20.5,70,1,755.0,1,0,0,643,691,199,119142.0
2019-07-15,17.9,82,1,752.9,0,0,0,643,691,222,143752.0
2019-07-14,24.7,59,1,752.7,6,0,0,643,691,232,146639.0
2019-07-13,18.0,86,2,760.7,5,0,0,643,691,235,164275.0
2019-07-12,21.9,68,2,759.4,4,0,0,643,691,263,175181.0
2019-07-11,28.9,42,2,755.4,3,0,0,643,691,199,126065.0
2019-07-10,28.8,45,1,752.5,2,0,0,643,691,232,134544.0
2019-07-09,27.2,42,1,753.8,1,0,0,643,691,227,126259.0
2019-07-08,29.1,25,1,753.8,0,0,0,643,691,212,121804.0
2019-07-07,22.7,60,2,756.3,6,0,0,643,691,238,147929.0
2019-07-06,25.9,41,1,752.0,5,0,0,643,691,228,153921.0
2019-07-05,27.1,29,2,755.2,4,0,0,643,691,265,186262.0
2019-07-04,25.0,44,4,756.1,3,0,0,643,691,190,112807.0
2019-07-03,26.1,53,2,752.7,2,0,0,643,691,193,122516.0
2019-07-02,29.1,33,5,753.5,1,0,0,643,691,221,125739.0
2019-07-01,25.9,47,1,756.8,0,0,0,643,691,201,115248.0
2019-06-30,24.2,49,1,757.0,6,0,0,643,691,226,155232.0
2019-06-29,25.5,56,2,754.3,5,0,0,643,691,277,194399.0
2019-06-28,22.8,62,2,755.1,4,0,0,643,691,291,196251.0
2019-06-27,18.1,69,1,754.3,3,0,0,643,691,235,163369.0
2019-06-26,19.1,55,2,751.4,2,0,0,643,691,230,134752.0
2019-06-25,12.9,90,4,751.7,1,0,0,643,691,223,127313.0
2019-06-24,26.9,51,3,752.1,0,0,0,643,691,344,182061.0
2019-06-23,21.7,70,1,756.0,6,0,0,643,691,235,143750.0
2019-06-22,21.2,67,1,759.1,5,0,0,643,691,294,191991.0
2019-06-21,25.0,54,2,759.1,4,0,0,643,691,293,192782.0
2019-06-20,26.1,39,1,758.5,3,0,0,643,691,249,151648.0
2019-06-19,24.7,45,3,755.5,2,0,0,643,691,221,138001.0
2019-06-18,15.0,73,3,763.4,1,0,0,643,691,222,134735.0
2019-06-17,27.0,40,4,750.5,0,0,0,643,691,335,161352.0
2019-06-16,23.9,55,1,752.0,6,0,0,643,691,263,164188.0
2019-06-15,21.9,64,1,750.7,5,0,0,643,691,169,125132.0
2019-06-13,25.9,34,3,755.3,3,0,0,643,691,185,112126.0
2019-06-12,20.5,48,2,761.2,2,0,0,643,691,274,177977.0
2019-06-11,15.7,79,3,757.6,1,0,0,643,691,237,137817.0
2019-06-10,28.3,34,3,746.8,0,0,0,643,691,335,171622.0
2019-06-09,27.5,33,1,754.0,6,0,0,643,691,248,155592.0
2019-06-08,23.7,37,2,754.6,5,0,0,643,691,287,186890.0
2019-06-07,24.0,27,2,756.7,4,0,0,643,691,287,172353.0
2019-06-06,21.3,30,2,757.0,3,0,0,643,691,209,119466.0
2019-06-05,19.2,34,1,755.7,2,0,0,643,691,213,117030.0
2019-06-04,17.3,39,2,757.0,1,0,0,643,691,199,107337.0
2019-06-03,7.3,89,1,758.3,0,0,0,643,691,363,195468.0
2019-06-02,20.7,29,3,749.8,6,0,0,643,691,268,169305.0
2019-06-01,12.0,76,1,755.9,5,0,0,643,691,388,301848.0
2019-05-31,26.5,23,3,748.6,4,0,0,643,691,288,180152.0
2019-05-30,22.5,28,2,759.4,3,0,0,643,691,223,116746.0
2019-05-29,16.1,27,1,766.8,2,0,0,643,691,259,148940.0
2019-05-28,11.0,52,2,772.5,1,0,0,643,691,194,113828.0
2019-05-27,23.3,29,3,762.4,0,0,0,643,691,402,235555.0
2019-05-26,20.3,20,5,763.6,6,0,0,643,691,261,171800.0
2019-05-25,17.2,26,2,765.4,5,0,0,643,691,341,239752.0
2019-05-24,16.1,32,2,760.3,4,0,0,643,691,286,168809.0
2019-05-23,16.3,46,6,750.3,3,0,0,643,691,267,155227.0
2019-05-22,21.5,40,2,750.1,2,0,0,643,691,190,111690.0
2019-05-21,22.8,23,2,751.5,1,0,0,643,691,208,108761.0
2019-05-20,20.6,20,4,757.5,0,0,0,643,691,307,168015.0
2019-05-19,16.0,17,2,763.6,6,0,0,643,691,241,149523.0
2019-05-18,12.4,23,4,766.1,5,0,0,643,691,313,224597.0
2019-05-17,10.4,31,4,762.9,4,0,0,643,691,292,186508.0
2019-05-16,10.9,30,4,756.9,3,0,0,643,691,192,110196.0
2019-05-15,11.9,21,2,752.4,2,0,0,643,691,228,136815.0
2019-05-14,6.1,61,4,756.6,1,0,0,643,691,203,110104.0
2019-05-13,8.4,41,2,757.5,0,0,0,643,691,180,103695.0
2019-05-12,16.1,18,4,754.3,6,0,0,643,691,245,146585.0
2019-05-11,9.9,32,2,768.6,5,0,0,643,691,281,182050.0
2019-05-10,2.3,65,5,766.0,4,0,0,643,691,244,169540.0
2019-05-09,6.0,61,3,756.7,3,0,0,643,691,341,253901.0
2019-05-08,22.5,15,6,755.2,2,0,0,643,691,281,171008.0
2019-05-07,20.0,13,4,762.6,1,0,0,643,691,192,112446.0
2019-05-06,21.7,10,1,765.4,0,0,0,643,691,175,101991.0
2019-05-05,18.2,13,2,771.0,6,0,0,643,691,220,134448.0
2019-05-04,10.8,27,2,776.3,5,0,0,643,691,257,171722.0
2019-05-03,0.3,85,2,773.5,4,0,0,643,691,224,155373.0
2019-05-02,9.8,23,4,765.7,3,0,0,643,691,272,160748.0
2019-05-01,21.6,19,6,750.4,2,0,0,643,691,271,192717.0
2019-04-30,19.9,19,4,757.3,1,0,0,643,691,256,155995.0
2019-04-29,16.0,18,2,761.8,0,0,0,643,691,177,111882.0
2019-04-28,12.6,45,3,755.6,6,0,0,643,691,266,171033.0
2019-04-27,20.0,19,2,756.4,5,0,0,643,691,300,189770.0
2019-04-26,18.3,21,3,755.3,4,0,0,643,691,270,154529.0
2019-04-25,14.9,23,2,761.5,3,0,0,643,691,209,101285.0
2019-04-24,11.5,21,6,761.6,2,0,0,643,691,187,93460.0
2019-04-23,7.1,23,2,770.5,1,0,0,643,691,203,108110.0
2019-04-22,3.7,61,4,763.6,0,0,0,643,691,201,108998.0
2019-04-21,8.2,27,4,751.6,6,0,0,643,691,298,214355.0
2019-04-20,6.4,18,3,762.4,5,0,0,643,691,372,256543.0
2019-04-19,2.0,42,3,763.6,4,0,0,643,691,270,171005.0
2019-04-18,10.8,31,5,754.9,3,0,0,643,691,199,109013.0
2019-04-17,4.7,36,2,764.3,2,0,0,643,691,204,106097.0
2019-04-16,2.2,56,2,750.4,1,0,0,643,691,199,109613.0
2019-04-15,9.1,34,3,752.1,0,0,0,643,691,238,137327.0
2019-04-14,21.1,11,3,751.7,6,0,0,643,691,244,162657.0
2019-04-13,8.0,35,5,762.3,5,0,0,643,691,357,251583.0
2019-04-12,5.8,24,1,762.4,4,0,0,643,691,272,183559.0
2019-04-11,5.2,32,3,763.2,3,0,0,643,691,184,112377.0
2019-04-10,11.2,27,5,759.4,2,0,0,643,691,185,108606.0
2019-04-09,8.0,24,2,772.0,1,0,0,643,691,198,108939.0
2019-04-08,8.6,29,3,769.6,0,0,0,643,691,184,100101.0
2019-04-07,7.3,24,3,761.9,6,0,0,643,691,272,176447.0
2019-04-06,6.1,19,3,765.5,5,0,0,643,691,330,234285.0
2019-04-05,3.7,23,4,769.5,4,0,0,643,691,255,159569.0
2019-04-04,4.1,35,2,766.8,3,0,0,643,691,184,98638.0
2019-04-03,3.6,68,3,765.7,2,0,0,643,691,186,105834.0
2019-04-02,9.4,31,1,768.8,1,0,0,643,691,171,88612.0
2019-04-01,9.3,39,4,765.6,0,0,0,643,691,173,102145.0
2019-03-31,6.9,33,3,766.6,6,0,0,643,691,260,173451.0
2019-03-30,4.8,37,2,769.4,5,0,0,643,691,311,205655.0
2019-03-29,1.0,72,3,772.8,4,0,0,643,691,289,205813.0
2019-03-28,2.2,32,2,767.5,3,0,0,643,691,224,131339.0
2019-03-27,1.9,28,1,771.7,2,0,0,643,691,214,132652.0
2019-03-26,0.2,33,3,773.2,1,0,0,643,691,194,101637.0
2019-03-25,4.2,56,4,760.0,0,0,0,643,691,187,104096.0
2019-03-24,1.0,80,2,763.5,6,0,0,643,691,256,164016.0
2019-03-23,7.0,32,2,762.7,5,0,0,643,691,272,179862.0
2019-03-22,2.2,47,2,773.0,4,0,0,643,691,281,182785.0
2019-03-21,-1.6,57,4,772.9,3,0,0,643,691,190,108309.0
2019-03-20,1.4,36,1,772.1,2,0,0,643,691,199,105496.0
2019-03-19,-1.2,56,3,771.1,1,0,0,643,691,143,70791.0
2019-03-18,-2.2,72,5,763.5,0,0,0,643,691,94,57533.0
2019-03-17,9.3,36,2,757.0,6,0,0,643,691,240,151473.0
2019-03-16,10.5,44,3,760.3,5,0,0,643,691,283,181241.0
2019-03-15,1.7,91,2,769.0,4,0,0,643,691,246,173097.0
2019-03-14,3.9,74,4,767.6,3,0,0,643,691,185,95453.0
2019-03-13,4.0,52,1,769.9,2,0,0,643,691,177,113882.0
2019-03-12,4.2,35,1,766.5,1,0,0,643,691,165,89722.0
2019-03-11,-0.1,47,3,771.4,0,0,0,643,691,147,75514.0
2019-03-10,-1.1,41,3,768.5,6,0,0,643,691,228,155995.0
2019-03-09,2.0,35,1,767.1,5,0,0,643,691,275,190674.0
2019-03-08,1.2,39,1,772.3,4,0,0,643,691,393,295452.0
2019-03-07,-0.9,79,4,766.3,3,0,0,643,691,304,260184.0
2019-03-06,3.7,38,3,767.5,2,0,0,643,691,174,97765.0
2019-03-05,5.1,34,4,765.7,1,0,0,643,691,164,83699.0
2019-03-04,4.0,50,1,768.3,0,0,0,643,691,156,80558.0
2019-03-03,1.4,57,1,762.8,6,0,0,643,691,243,164761.0
2019-03-02,4.9,50,2,763.1,5,0,0,643,691,299,202911.0
2019-03-01,3.1,40,3,757.9,4,0,0,643,691,246,165446.0
2019-02-28,4.4,27,1,760.4,3,0,0,643,691,178,101956.0
2019-02-27,1.0,45,0,765.2,2,0,0,643,691,190,97429.0
2019-02-26,-1.6,48,1,767.8,1,0,0,643,691,178,90433.0
2019-02-25,3.8,35,4,764.0,0,0,0,643,691,165,101597.0
2019-02-24,1.9,33,1,772.3,6,0,0,643,691,229,157787.0
2019-02-23,-2.3,47,0,775.8,5,0,0,643,691,391,306256.0
2019-02-22,1.0,47,3,771.8,4,0,0,643,691,280,229770.0
2019-02-21,3.0,36,4,768.4,3,0,0,643,691,180,103506.0
2019-02-20,-2.3,42,1,770.0,2,0,0,643,691,198,108628.0
2019-02-19,-3.0,39,2,765.1,1,0,0,643,691,151,77765.0
2019-02-18,-2.5,36,3,760.6,0,0,0,643,691,145,85788.0
2019-02-17,-4.4,35,1,767.4,6,0,0,643,691,248,147740.0
2019-02-16,-4.9,36,3,773.3,5,0,0,643,691,309,224353.0
2019-02-15,-6.3,41,1,778.9,4,0,0,643,691,285,170294.0
2019-02-14,-15.1,54,1,781.0,3,0,0,643,691,148,93463.0
2019-02-13,-13.9,40,1,779.7,2,0,0,643,691,192,106351.0
2019-02-12,-16.5,46,4,781.0,1,0,0,643,691,156,87887.0
2019-02-11,-18.4,51,3,783.2,0,0,0,643,691,148,87991.0
2019-02-10,-23.1,58,1,785.9,6,0,0,643,691,225,154907.0
2019-02-09,-22.9,55,1,788.5,5,0,0,643,691,249,184049.0
2019-02-08,-25.0,49,1,789.6,4,0,0,643,691,236,158437.0
2019-02-07,-23.3,48,2,784.2,3,0,0,643,691,175,107516.0
2019-02-06,-27.3,61,1,786.4,2,0,0,643,691,165,103303.0
2019-02-05,-29.3,62,2,784.3,1,0,0,643,691,171,108070.0
2019-02-04,-24.3,63,2,776.2,0,0,0,643,691,151,78172.0
2019-02-03,-21.7,45,3,771.8,6,0,0,643,691,208,145694.0
2019-02-02,-24.6,42,3,782.5,5,0,0,643,691,275,201940.0
2019-02-01,-16.4,49,3,765.6,4,0,0,643,691,259,177994.0
2019-01-31,-5.8,32,3,757.8,3,0,0,643,691,187,97989.0
2019-01-30,-8.6,38,2,770.6,2,0,0,643,691,179,90551.0
2019-01-29,-16.4,51,1,779.6,1,0,0,643,691,139,72213.0
2019-01-28,-11.0,64,4,767.8,0,0,0,643,691,162,91824.0
2019-01-27,-8.4,53,4,766.9,6,0,0,643,691,228,157477.0
2019-01-26,-10.8,73,2,770.8,5,0,0,643,691,315,221754.0
2019-01-25,-6.0,52,4,775.6,4,0,0,643,691,267,185822.0
2019-01-24,-5.3,57,3,778.4,3,0,0,643,691,185,89958.0
2019-01-23,-4.8,66,4,777.4,2,0,0,643,691,199,122153.0
2019-01-22,-7.2,64,1,768.1,1,0,0,643,691,175,79978.0
2019-01-21,-3.9,50,0,766.6,0,0,0,643,691,163,97106.0
2019-01-20,-9.1,56,1,771.5,6,0,0,643,691,263,178321.0
2019-01-19,-7.1,65,2,776.4,5,0,0,643,691,309,216750.0
2019-01-18,-7.5,66,0,777.2,4,0,0,643,691,238,152214.0
2019-01-17,-12.8,57,1,772.6,3,0,0,643,691,204,107011.0
2019-01-16,-14.6,61,1,767.9,2,0,0,643,691,160,86705.0
2019-01-15,-10.4,43,1,773.1,1,0,0,643,691,167,92936.0
2019-01-14,-18.4,54,1,787.9,0,0,0,643,691,162,99937.0
2019-01-13,-13.8,56,3,781.0,6,0,0,643,691,248,167654.0
2019-01-12,-13.7,59,2,772.0,5,0,0,643,691,263,175085.0
2019-01-11,-13.2,73,2,764.6,4,0,0,643,691,245,150802.0
2019-01-10,-10.9,63,1,764.8,3,0,0,643,691,147,86702.0
2019-01-09,-9.5,60,1,765.6,2,0,0,643,691,171,120945.0
2019-01-08,-6.7,53,4,761.7,1,0,0,643,691,215,143136.0
2019-01-07,-14.8,65,3,780.5,0,0,0,643,691,183,130915.0
2019-01-06,-19.1,77,1,781.3,6,0,0,643,691,235,150718.0
2019-01-05,-13.1,59,2,773.3,5,0,0,643,691,225,157307.0
2019-01-04,-20.8,73,1,784.9,4,0,0,643,691,193,139392.0
2019-01-03,-22.4,74,0,782.8,3,0,0,643,691,215,150132.0
2019-01-02,-21.0,76,1,780.3,2,0,0,643,691,195,145551.0
2019-01-01,-14.2,76,1,779.5,1,0,0,643,691,135,97015.0
